alpha,beta,gamma,objective_value
0.6991370827362581,0.10886217551256613,0.822998046875,59.34728033472799
